{"ndocs": 26077, "name": "Tag My News", "topics": {"42": [28, 0.016637739345016753], "43": [23, 0.01874970108141281], "49": [49, 0.007253394646623447], "24": [47, 0.008173742083061694], "25": [46, 0.010132913210875451], "26": [6, 0.03074480357786523], "27": [27, 0.016861103006480808], "20": [38, 0.012520529719676326], "21": [29, 0.016540215607623573], "48": [7, 0.02828848642481856], "23": [43, 0.011339950715189616], "46": [36, 0.01344066550216666], "47": [33, 0.015382720078996862], "44": [2, 0.05976876014495535], "45": [5, 0.031366794251639254], "28": [24, 0.018354797511216846], "29": [8, 0.026312976768799855], "40": [17, 0.021138497150745915], "41": [41, 0.011365797024197568], "1": [35, 0.014139358634045364], "0": [40, 0.011435359347317537], "3": [42, 0.011357902941289286], "2": [1, 0.06741905016297867], "5": [14, 0.022289491367872047], "4": [11, 0.024661339295164255], "7": [34, 0.015359765352609599], "6": [13, 0.022648668562334606], "9": [12, 0.024268563554089708], "8": [19, 0.01997810458258248], "39": [39, 0.012505371979138672], "12": [15, 0.02168384047628185], "14": [37, 0.012522229294013875], "11": [16, 0.02139191665068842], "10": [20, 0.019442885082639968], "13": [30, 0.016539792050465973], "38": [9, 0.025422278026613444], "15": [3, 0.03846893954442592], "22": [4, 0.03795833546420206], "17": [48, 0.007309327982513298], "16": [21, 0.019320820351267497], "19": [25, 0.017476346903401496], "32": [26, 0.01738489028262454], "31": [50, 0.007132109679027488], "30": [18, 0.02019363287954904], "37": [45, 0.010214221574567608], "36": [10, 0.025402168052306637], "35": [22, 0.01905041002799411], "34": [32, 0.016007220427963383], "33": [31, 0.016042156122253404], "18": [44, 0.010599788338382463]}}