{"ndocs": 8887, "name": "Twitter", "topics": {"42": [31, 0.014955035568808372], "29": [49, 0.0066595070552492456], "49": [24, 0.016766835838865755], "24": [6, 0.027944736907842903], "25": [43, 0.00997168323393722], "26": [25, 0.0157053180263306], "27": [7, 0.027328705896252952], "20": [45, 0.009286695622819847], "21": [4, 0.03158627431079103], "22": [26, 0.01547991508945652], "23": [1, 0.16449445925509165], "46": [29, 0.015048695420276804], "47": [5, 0.030590626589400222], "44": [23, 0.017083823371216365], "45": [18, 0.018670011860020257], "28": [11, 0.02204533211432428], "43": [38, 0.01250465971643976], "40": [21, 0.017830405547428818], "41": [41, 0.010602608968155746], "1": [27, 0.01531519875098459], "0": [35, 0.01359315944638237], "3": [44, 0.009604512782716332], "2": [40, 0.010766207010239668], "5": [9, 0.02569847665128841], "4": [36, 0.01347088403285698], "7": [28, 0.015150793237312927], "6": [16, 0.018971478687971215], "9": [2, 0.0339191859570159], "8": [17, 0.018676597693259796], "18": [48, 0.0073277654776640055], "39": [33, 0.0141410667604366], "38": [47, 0.007819633543377967], "11": [13, 0.019933461167998205], "10": [50, 0.006568628220996965], "13": [20, 0.018201602576797576], "12": [30, 0.015045854562844616], "15": [39, 0.012430084145380894], "14": [3, 0.03213320225047819], "17": [32, 0.014337363834814907], "16": [19, 0.018227846899966246], "33": [8, 0.025786863519747977], "32": [34, 0.013845180308315521], "31": [12, 0.02067827361314278], "30": [22, 0.01756555761224259], "37": [15, 0.01959149804208395], "36": [42, 0.010544341071227648], "35": [14, 0.019888853235062447], "34": [37, 0.012616249386744693], "19": [10, 0.024801057859795205], "48": [46, 0.008793573095532805]}}