{"ndocs": 9867, "name": "Web Snippet Corpus", "topics": {"30": [32, 0.015806556947400425], "42": [36, 0.0138033791831357], "48": [43, 0.01152924791730011], "43": [22, 0.020342079000709345], "24": [13, 0.021903192368500995], "25": [19, 0.020629077642647056], "26": [8, 0.025008108705786812], "27": [17, 0.021039834387351717], "20": [7, 0.025047989794263655], "21": [24, 0.01874013088071338], "22": [27, 0.018292588010540168], "23": [21, 0.02057711002330987], "46": [26, 0.01855759556096074], "47": [23, 0.020239334549508464], "44": [42, 0.011601949751697585], "45": [9, 0.024731647187595008], "28": [6, 0.02538589962501252], "29": [2, 0.05557921497922386], "40": [1, 0.05915507748049066], "41": [37, 0.013552204357960868], "1": [20, 0.02058183584676188], "0": [14, 0.02125684353906948], "3": [47, 0.010695434194790725], "2": [49, 0.009904357758183869], "5": [11, 0.022342050927333365], "4": [38, 0.013302497506840961], "7": [44, 0.011337243224891056], "6": [30, 0.01645472278301407], "9": [16, 0.02121427632512405], "8": [5, 0.030935864416742502], "13": [48, 0.010437952751596227], "12": [50, 0.00881895407925409], "11": [39, 0.013149335289348326], "10": [46, 0.010739102503293824], "39": [45, 0.011248363828924721], "38": [28, 0.017710870223978877], "15": [35, 0.014668012749569274], "14": [12, 0.022006910246275355], "17": [34, 0.015291841522245832], "16": [25, 0.018601646194385174], "33": [40, 0.01270121028681465], "32": [3, 0.04402033815749481], "31": [15, 0.021236784088375354], "49": [31, 0.0161939009121313], "37": [18, 0.020847197466301728], "36": [10, 0.023740761913448837], "35": [33, 0.01573469101043879], "34": [29, 0.01680211269889525], "19": [41, 0.011626372220533112], "18": [4, 0.03487606277490645]}}